company,website,scrape_status,company_summary,target_customer,likely_cross_border_need,outreach_angle,personalization_points,subject,email_body,error
Wise,https://wise.com,success,"Wise is a fintech company providing international money transfer services and multi-currency accounts for individuals, businesses, and financial institutions. They offer low-cost, transparent, and fast cross-border payments, multi-currency debit cards, and API integrations enabling clients to send, ","Individuals who need to send, receive, and spend money internationally; startups and scale-ups expanding globally; banks, financial institutions, marketplaces, education platforms, travel platforms, and other enterprises requiring cross-border payment solutions and multi-currency accounts.","Customers need to move money across borders efficiently and cost-effectively, avoiding high fees and poor exchange rates from traditional banks. Businesses require fast, transparent international payments, multi-currency accounts, and tools to manage global finances, pay remote teams, and accept pay","Offer Wise enhanced AI-driven analytics and automation to optimize cross-border payment workflows, reduce operational friction, and improve FX risk management for their business and platform clients, helping them scale faster and reduce costs while maintaining compliance and security.","Wise moves over £12 billion monthly for 14.8 million customers worldwide, emphasizing scale and trust. | They provide multi-currency accounts and debit cards accepted in 160+ countries and 2 million ATMs, supporting global spending and receiving. | Wise integrates with accounting software and offers API access, enabling businesses and financial institutions to embed Wise’s payment capabilities into their platforms.",AI-driven insights to sharpen Wise’s cross-border payment edge,"Hi Team Wise,

Moving over £12 billion monthly for nearly 15 million customers is impressive scale and trust. To complement that, we help fintech leaders like you embed AI-driven analytics and automation that optimize cross-border payment workflows and FX risk management. This can reduce operational friction and costs while enhancing compliance—key for your multi-currency accounts and API integrations powering global money movement.

Would you be open to a brief chat on how AI can help Wise scale even faster and deliver sharper value to your business clients?

Best,
[Your Name]",
Stripe,https://stripe.com,success,"Stripe provides comprehensive financial infrastructure and payment solutions that enable businesses to accept and optimize payments globally, manage subscriptions and billing, issue cards, and embed financial services into their platforms. They support a wide range of business models with scalable, ","Businesses of all sizes including startups, SaaS platforms, marketplaces, e-commerce companies, and large enterprises (including 50% of Fortune 100 companies) seeking to streamline payments, billing, and financial services globally.","Stripe supports 135+ currencies and payment methods across 195 countries, enabling businesses to expand internationally and handle complex global payment flows, currency conversions, compliance, and fraud prevention in cross-border transactions.","Offer advanced AI-powered solutions to enhance Stripe’s existing fraud prevention and payment acceptance optimization capabilities specifically for cross-border transactions, helping reduce payment declines and compliance risks while improving revenue in new international markets.","Stripe processes $1.9 trillion in payments volume in 2025 and manages over 200 million active subscriptions. | 50% of Fortune 100 companies use Stripe to grow their businesses and expand internationally. | Stripe supports 135+ currencies and 100+ payment methods, with 99.999% uptime and tailored professional services for complex integrations and migrations.",Boosting Stripe’s cross-border payment success with AI-driven fraud insights,"Hi [Name],

With Stripe processing $1.9T in payments volume this year and supporting 135+ currencies globally, optimizing cross-border payment flows is mission-critical. We’ve developed AI-powered tools that enhance fraud prevention and reduce payment declines specifically in international transactions—helping platforms like yours unlock more revenue while tightening compliance.

I’d love to share how this can complement Stripe’s existing infrastructure and support your global expansion goals.

Are you open to a brief chat next week?

Best,
[Your Name]",
Deel,https://www.deel.com,success,"Deel is a global HR platform that simplifies hiring, payroll, compliance, and workforce management for companies employing remote and international teams. It offers end-to-end solutions including payroll in 150+ currencies, local compliance, immigration services, benefits, IT support, and contractor","Companies of all sizes—from startups to enterprises—looking to hire, manage, and pay remote or international employees and contractors compliantly across multiple countries, including those expanding globally or managing distributed teams.","Deel’s customers operate across 150+ countries and require compliant, timely, multi-currency payroll and contractor payments globally. Managing cross-border payments efficiently is critical to ensure employees and contractors get paid on time, comply with local tax and labor laws, and reduce adminis","Offer Deel enhanced AI-driven payment optimization and FX management to reduce cross-border payment costs and delays, integrating seamlessly with their existing payroll infrastructure to improve payment speed and compliance while scaling global payroll operations.","Deel supports payroll in 150+ currencies, including crypto, and processes over $20B in global payroll payments. | They combine 2,000+ local experts with in-house compliance logic and real-time AI to ensure local labor law compliance worldwide. | Deel’s platform is trusted by 40,000+ companies including Shopify, Nike, Klarna, and supports over 650,000 workers in 150 countries.",Cutting cross-border payment costs for Deel’s $20B payroll flow,"Hi [First Name],

I’m impressed by how Deel manages payroll in 150+ currencies and processes over $20B globally, combining local experts with AI-driven compliance. Given the scale, even small improvements in FX and payment optimization could significantly reduce costs and speed up payouts.

We’ve developed an AI-native payment engine that integrates seamlessly with platforms like yours to optimize cross-border payments—cutting delays and FX fees while enhancing compliance.

Would you be open to a brief chat on how this could boost Deel’s global payroll efficiency?

Best,
[Your Name]",
Airwallex,https://www.airwallex.com,success,"Airwallex is a global financial technology platform offering multi-currency business accounts, high-speed international transfers, corporate cards, expense and invoice management, automated billing, and embedded finance APIs. They provide end-to-end cross-border payment solutions, banking-as-a-servi","Businesses engaged in international trade or operations, including software and technology companies, eCommerce and retail businesses, travel and hospitality agencies, wholesalers and manufacturers, marketplaces, SaaS platforms, fintechs, professional services, and digital creators.","Their customers require seamless, cost-effective, and fast cross-border payment capabilities to receive and send multi-currency funds, manage FX risk with interbank FX rates, automate global billing and payouts, and issue multi-currency corporate cards, enabling smooth international expansion and op","Highlight how AI-driven optimization can further reduce FX costs and automate compliance in cross-border payments, enhancing Airwallex’s existing platform capabilities to deliver even faster, cheaper, and more transparent international transactions for their diverse client base.","Airwallex offers multi-currency accounts and high-speed international transfers with interbank FX rates, targeting businesses managing global funds. | They provide automated billing, expense management, and purchase order controls, indicating a focus on streamlining financial operations for scaling businesses. | Airwallex serves a wide range of industries including SaaS, fintech, eCommerce, travel, wholesale, and digital creators, showing versatility in handling complex cross-border payment needs.",Cutting FX costs and automating compliance for Airwallex’s global transfers,"Hi [First Name],

I’m impressed by how Airwallex’s multi-currency accounts and interbank FX rates streamline global fund management for your clients. We help fintech platforms like yours leverage AI-driven optimization to reduce FX costs further and automate compliance checks in real time. This can enhance your high-speed international transfers by making cross-border payments even faster, cheaper, and more transparent—key for your diverse SaaS and fintech customers expanding globally.

Would you be open to a brief chat to explore how this could complement Airwallex’s existing capabilities?

Best,
[Your Name]",
Adyen,https://www.adyen.com,success,"Adyen is a global fintech platform providing enterprises with an integrated solution for payments, data insights, and financial products. It offers a single API to accept, settle, and move funds worldwide, supporting multiple payment methods and currencies with enterprise-grade reliability and compl","Large global enterprises and platforms across various industries such as retail, travel and hospitality, digital media, SaaS, marketplaces, food and beverage, and financial services that require scalable, reliable, and compliant payment solutions.",Adyen’s customers operate globally and need to accept payments and send payouts in multiple currencies and local payment methods while ensuring compliance with regional regulations and optimizing conversion rates and costs across borders.,"Help Adyen enhance their cross-border payment capabilities by offering AI-driven insights and automation to further optimize currency conversion, fraud detection, and payout timing, thereby improving customer experience and operational efficiency for their enterprise clients expanding internationall","Adyen processes over €970 billion in volume annually with 99.999% uptime, showing their scale and reliability. | They hold multiple banking and acquiring licenses globally (US, UK, EU, Japan, UAE, Malaysia, Puerto Rico, Singapore, Hong Kong, Australia, New Zealand), highlighting their compliance and local expertise. | Adyen offers a single API that supports multiple payment methods (150+ currencies, 200+ local payment methods) and financial products including issuing cards and capital under one platform.",Boosting Adyen’s cross-border payment efficiency with AI-driven insights,"Hi [Name],

Adyen’s impressive scale—processing over €970 billion annually with 99.999% uptime—sets a high bar for reliability in global payments. Given your extensive multi-currency and local payment method support, I believe AI-driven automation could further optimize currency conversion and payout timing for your enterprise clients expanding internationally. Our platform delivers actionable insights that enhance cross-border payment efficiency while maintaining compliance, helping you reduce costs and improve customer experience. Could we explore how this might complement Adyen’s single API ecosystem?

Best,
[Your Name]",
